image,class,xmin,ymin,xmax,ymax,width,height,width_pred,height_pred
head_006_1,person_phone_head,103,3,414,264,280,462,312,262
head_013_1,person_phone_head,104,11,385,257,280,390,282,247
head_016_1,person_phone_head,97,18,331,246,280,390,235,229
head_022_1,person_phone_head,24,5,345,253,280,390,322,249
head_025_1,person_phone_head,43,11,346,260,280,390,304,250
head_029_1,person_phone_head,134,3,352,256,280,390,219,254
head_033_1,person_phone_head,81,15,278,226,280,390,198,212
head_036_1,person_phone_head,65,25,306,257,280,390,242,233
head_041_1,person_phone_head,169,27,339,254,280,390,171,228
head_044_1,person_phone_head,28,12,240,254,280,390,213,243
head_005_1,person_phone_head,51,9,355,251,280,390,305,243
head_007_1,person_phone_head,7,3,287,255,280,389,281,253
head_014_1,person_phone_head,70,38,219,217,280,390,150,180
head_018_1,person_phone_head,104,26,261,252,280,390,158,227
head_023_1,person_phone_head,62,0,390,257,280,390,329,258
head_026_1,person_phone_head,105,15,295,255,280,390,191,241
head_031_1,person_phone_head,11,7,307,257,280,390,297,251
head_034_1,person_phone_head,19,0,317,253,280,462,299,254
head_038_1,person_phone_head,72,17,262,260,280,390,191,244
head_043_1,person_phone_head,171,4,376,253,280,390,206,250
head_046_1,person_phone_head,90,6,314,259,280,390,225,254
head_049_1,person_phone_head,44,1,355,261,280,390,312,261
head_051_1,person_phone_head,33,14,327,259,280,390,295,246
head_052_1,person_phone_head,68,5,369,258,280,390,302,254
head_064_1,person_phone_head,124,32,287,241,280,390,164,210
head_065_1,person_phone_head,59,21,347,253,280,389,289,233
head_066_1,person_phone_head,84,6,289,253,280,390,206,248
head_071_1,person_phone_head,106,30,365,257,280,390,260,228
head_072_1,person_phone_head,73,0,343,252,280,390,271,253
head_074_1,person_phone_head,133,3,374,244,280,390,242,242
head_077_1,person_phone_head,130,11,365,256,280,390,236,246
head_078_1,person_phone_head,102,12,375,257,280,462,274,246
head_079_1,person_phone_head,57,12,292,247,280,390,236,236
head_081_1,person_phone_head,63,14,286,245,280,399,224,232
head_084_1,person_phone_head,126,9,383,256,280,390,258,248
head_086_1,person_phone_head,32,17,211,206,280,390,180,190
head_088_1,person_phone_head,60,20,291,243,280,390,232,224
head_089_1,person_phone_head,168,29,328,209,280,390,161,181
head_090_1,person_phone_head,25,21,204,232,280,235,180,212
head_098_1,person_phone_head,42,10,193,240,280,197,152,231
head_101_1,person_phone_head,102,0,382,255,280,390,281,256
head_102_1,person_phone_head,24,2,361,254,280,498,338,253
head_105_1,person_phone_head,126,0,325,253,280,390,200,254
head_106_1,person_phone_head,91,1,358,262,280,390,268,262
head_107_1,person_phone_head,79,23,322,253,280,390,244,231
head_109_1,person_phone_head,135,8,400,262,280,462,266,255
head_111_1,person_phone_head,97,5,372,259,280,390,276,255
head_112_1,person_phone_head,96,18,255,247,280,390,160,230
head_114_1,person_phone_head,36,21,273,255,280,390,238,235
head_115_1,person_phone_head,123,15,359,255,280,390,237,241
head_116_1,person_phone_head,96,3,390,263,280,390,295,261
head_118_1,person_phone_head,87,0,347,254,280,390,261,255
head_119_1,person_phone_head,54,19,317,252,280,372,264,234
head_120_1,person_phone_head,83,9,387,261,280,462,305,253
head_122_1,person_phone_head,55,8,329,261,280,390,275,254
head_123_1,person_phone_head,91,1,363,262,280,390,273,262
head_125_1,person_phone_head,167,35,389,254,280,390,223,220
head_127_1,person_phone_head,132,28,325,260,280,398,194,233
head_128_1,person_phone_head,118,21,294,250,280,390,177,230
head_129_1,person_phone_head,83,17,291,260,280,390,209,244
head_131_1,person_phone_head,12,35,172,257,280,173,161,223
head_132_1,person_phone_head,9,37,151,248,280,174,143,212
head_133_1,person_phone_head,100,12,382,259,280,390,283,248
head_137_1,person_phone_head,138,20,346,252,280,390,209,233
head_139_1,person_phone_head,134,64,378,268,280,391,245,205
head_141_1,person_phone_head,34,0,337,256,280,390,304,257
head_143_1,person_phone_head,35,18,288,261,280,520,254,244
head_144_1,person_phone_head,31,29,216,249,280,395,186,221
head_145_1,person_phone_head,66,22,299,258,280,390,234,237
head_147_1,person_phone_head,47,2,353,255,280,390,307,254
head_148_1,person_phone_head,18,2,222,253,280,390,205,252
head_149_1,person_phone_head,18,0,251,248,280,390,234,249
head_151_1,person_phone_head,123,1,373,260,280,390,251,260
head_155_1,person_phone_head,6,0,281,252,280,390,276,253
head_156_1,person_phone_head,69,12,358,257,280,390,290,246
head_159_1,person_phone_head,67,0,386,256,280,390,320,257
head_160_1,person_phone_head,81,31,383,259,280,390,303,229
head_161_1,person_phone_head,49,45,238,248,280,345,190,204
head_163_1,person_phone_head,155,32,385,265,280,390,231,234
head_164_1,person_phone_head,82,32,384,257,280,390,303,226
head_165_1,person_phone_head,43,9,322,260,280,390,280,252
head_167_1,person_phone_head,38,1,364,259,280,390,327,259
head_168_1,person_phone_head,22,82,193,255,280,223,172,174
head_171_1,person_phone_head,35,10,298,258,280,390,264,249
head_174_1,person_phone_head,91,18,381,259,280,390,291,242
head_175_1,person_phone_head,142,3,390,254,280,390,249,252
head_176_1,person_phone_head,91,24,368,257,280,390,278,234
head_178_1,person_phone_head,105,5,348,259,280,390,244,255
head_182_1,person_phone_head,177,22,385,254,280,390,209,233
head_183_1,person_phone_head,56,13,377,255,280,390,322,243
head_186_1,person_phone_head,12,6,292,256,280,390,281,251
head_187_1,person_phone_head,4,8,167,252,280,173,164,245
head_188_1,person_phone_head,22,0,364,253,280,390,343,254
head_191_1,person_phone_head,15,15,251,252,280,390,237,238
head_194_1,person_phone_head,48,6,304,256,280,390,257,251
head_195_1,person_phone_head,15,34,158,232,280,173,144,199
head_197_1,person_phone_head,113,16,371,263,280,390,259,248
head_198_1,person_phone_head,10,44,160,233,280,173,151,190
head_199_1,person_phone_head,82,52,250,235,280,390,169,184
head_202_1,person_phone_head,43,7,374,241,280,390,332,235
head_206_1,person_phone_head,56,15,213,238,280,339,158,224
head_207_1,person_phone_head,47,13,277,255,280,390,231,243
head_212_1,person_phone_head,147,4,387,254,280,390,241,251
head_213_1,person_phone_head,97,10,390,253,280,390,294,244
head_218_1,person_phone_head,33,34,263,257,280,390,231,224
head_220_1,person_phone_head,71,19,284,253,280,390,214,235
head_221_1,person_phone_head,14,16,266,252,280,389,253,237
head_223_1,person_phone_head,82,36,295,252,280,390,214,217
head_227_1,person_phone_head,25,0,235,229,280,389,211,230
head_228_1,person_phone_head,129,18,316,211,280,390,188,194
head_229_1,person_phone_head,53,12,315,258,280,390,263,247
head_231_1,person_phone_head,215,25,458,259,280,463,244,235
head_232_1,person_phone_head,16,50,222,253,280,390,207,204
head_233_1,person_phone_head,68,0,337,230,280,368,270,231
head_239_1,person_phone_head,52,2,330,257,280,521,279,256
head_241_1,person_phone_head,122,3,388,264,280,390,267,262
head_246_1,person_phone_head,34,2,342,259,280,491,309,258
head_252_1,person_phone_head,66,39,339,260,280,390,274,222
head_253_1,person_phone_head,176,36,361,243,280,389,186,208
head_255_1,person_phone_head,174,49,352,254,280,390,179,206
head_259_1,person_phone_head,55,0,267,255,280,390,213,256
head_260_1,person_phone_head,94,33,378,257,280,390,285,225
head_261_1,person_phone_head,36,4,283,248,280,390,248,245
head_265_1,person_phone_head,173,25,375,258,280,389,203,234
head_266_1,person_phone_head,86,24,325,253,280,390,240,230
head_267_1,person_phone_head,86,24,325,253,280,390,240,230
head_268_1,person_phone_head,105,2,386,264,280,386,282,263
head_269_1,person_phone_head,68,11,270,254,280,390,203,244
head_274_1,person_phone_head,86,29,376,260,280,391,291,232
head_275_1,person_phone_head,50,4,332,229,280,390,283,226
head_284_1,person_phone_head,76,65,269,264,280,392,194,200
head_296_1,person_phone_head,99,18,314,249,280,390,216,232
head_306_1,person_phone_head,184,12,384,255,280,390,201,244
head_307_1,person_phone_head,35,21,247,246,280,390,213,226
head_309_1,person_phone_head,28,15,209,241,280,260,182,227
head_310_1,person_phone_head,44,13,284,233,280,314,241,221
head_311_1,person_phone_head,152,30,383,239,280,390,232,210
head_315_1,person_phone_head,117,53,321,270,280,390,205,218
head_317_1,person_phone_head,69,3,291,253,280,390,223,251
head_319_1,person_phone_head,79,6,360,263,280,390,282,258
head_322_1,person_phone_head,86,28,286,252,280,376,201,225
head_324_1,person_phone_head,38,6,233,235,280,390,196,230
head_325_1,person_phone_head,51,25,308,252,280,390,258,228
head_327_1,person_phone_head,114,18,249,196,280,390,136,179
head_330_1,person_phone_head,46,17,318,256,280,389,273,240
head_331_1,person_phone_head,121,11,340,254,280,390,220,244
head_335_1,person_phone_head,105,16,370,245,280,390,266,230
head_338_1,person_phone_head,72,0,390,257,280,390,319,258
head_340_1,person_phone_head,78,6,337,251,280,390,260,246
head_344_1,person_phone_head,138,32,359,260,280,390,222,229
head_347_1,person_phone_head,144,25,380,260,280,390,237,236
head_350_1,person_phone_head,143,26,370,258,280,374,228,233
head_356_1,person_phone_head,68,3,331,254,280,390,264,252
head_357_1,person_phone_head,16,9,303,257,280,390,288,249
head_358_1,person_phone_head,13,16,265,254,280,390,253,239
head_361_1,person_phone_head,80,35,308,256,280,344,229,222
head_362_1,person_phone_head,99,0,364,261,280,390,266,262
head_363_1,person_phone_head,50,40,349,256,280,390,300,217
head_368_1,person_phone_head,23,52,254,263,280,390,232,212
head_369_1,person_phone_head,80,41,271,254,280,363,192,214
head_371_1,person_phone_head,132,0,385,255,280,390,254,256
head_375_1,person_phone_head,178,5,385,248,280,390,208,244
head_378_1,person_phone_head,19,2,332,257,280,390,314,256
head_379_1,person_phone_head,31,2,332,254,280,390,302,253
head_388_1,person_phone_head,66,7,371,263,280,437,306,257
head_405_1,person_phone_head,69,61,310,256,280,390,242,196
head_406_1,person_phone_head,93,6,349,257,280,390,257,252
head_408_1,person_phone_head,7,53,160,230,280,173,154,178
head_410_1,person_phone_head,128,15,339,258,280,390,212,244
head_411_1,person_phone_head,24,2,342,265,280,390,319,264
head_414_1,person_phone_head,111,42,300,247,280,390,190,206
head_415_1,person_phone_head,17,5,250,251,280,390,234,247
head_416_1,person_phone_head,73,8,282,253,280,390,210,246
head_418_1,person_phone_head,99,25,365,257,280,390,267,233
head_419_1,person_phone_head,92,1,385,258,280,390,294,258
head_420_1,person_phone_head,13,15,247,251,280,260,235,237
head_422_1,person_phone_head,150,4,348,246,280,390,199,243
head_427_1,person_phone_head,162,36,386,255,280,390,225,220
head_428_1,person_phone_head,132,15,387,260,280,390,256,246
head_433_1,person_phone_head,102,19,299,253,280,390,198,235
head_439_1,person_phone_head,131,17,382,256,280,393,252,240
head_440_1,person_phone_head,12,7,271,255,280,343,260,249
head_442_1,person_phone_head,77,5,355,258,280,361,279,254
head_443_1,person_phone_head,80,9,348,250,280,390,269,242
head_444_1,person_phone_head,51,39,222,252,280,328,172,214
head_446_1,person_phone_head,16,22,161,247,280,173,146,226
head_447_1,person_phone_head,129,13,333,243,280,390,205,231
head_449_1,person_phone_head,129,5,380,257,280,390,252,253
head_451_1,person_phone_head,16,4,230,252,280,393,215,249
head_453_1,person_phone_head,105,7,365,254,280,390,261,248
head_456_1,person_phone_head,17,8,209,245,280,390,193,238
head_459_1,person_phone_head,91,7,304,250,280,390,214,244
head_460_1,person_phone_head,53,18,315,250,280,390,263,233
head_461_1,person_phone_head,81,0,383,257,280,389,303,258
head_463_1,person_phone_head,77,4,381,255,280,462,305,252
head_464_1,person_phone_head,74,72,307,257,280,390,234,186
head_465_1,person_phone_head,64,20,387,253,280,390,324,234
head_467_1,person_phone_head,72,23,377,259,280,390,306,237
head_468_1,person_phone_head,33,37,229,249,280,347,197,213
head_469_1,person_phone_head,57,0,430,253,280,462,374,254
head_471_1,person_phone_head,21,0,348,255,280,390,328,256
head_472_1,person_phone_head,32,4,328,260,280,390,297,257
head_473_1,person_phone_head,19,24,280,257,280,390,262,234
head_478_1,person_phone_head,53,0,317,233,280,390,265,234
head_480_1,person_phone_head,122,3,340,254,280,342,219,252
head_482_1,person_phone_head,83,3,382,253,280,390,300,251
head_487_1,person_phone_head,54,15,275,242,280,347,222,228
head_492_1,person_phone_head,65,2,380,256,280,389,316,255
head_493_1,person_phone_head,24,0,318,252,280,334,295,253
head_497_1,person_phone_head,162,31,369,249,280,386,208,219
head_498_1,person_phone_head,154,7,364,256,280,390,211,250
head_499_1,person_phone_head,168,0,384,250,280,390,217,251
head_505_1,person_phone_head,17,30,148,219,280,173,132,190
head_507_1,person_phone_head,6,34,132,249,280,173,127,216
head_510_1,person_phone_head,207,22,387,255,280,390,181,234
head_512_1,person_phone_head,50,12,384,258,280,390,335,247
head_513_1,person_phone_head,75,12,330,260,280,390,256,249
head_515_1,person_phone_head,57,33,320,258,280,390,264,226
head_520_1,person_phone_head,50,0,348,256,280,390,299,257
head_521_1,person_phone_head,29,6,347,257,280,390,319,252
head_522_1,person_phone_head,18,17,164,243,280,173,147,227
head_524_1,person_phone_head,10,19,170,248,280,173,161,230
head_525_1,person_phone_head,53,4,252,250,280,390,200,247
head_527_1,person_phone_head,87,18,366,258,280,390,280,241
head_530_1,person_phone_head,28,23,281,252,280,390,254,230
head_532_1,person_phone_head,25,4,318,254,280,390,294,251
head_535_1,person_phone_head,47,14,289,258,280,390,243,245
head_537_1,person_phone_head,117,3,367,258,280,390,251,256
head_538_1,person_phone_head,38,13,279,260,280,391,242,248
head_539_1,person_phone_head,17,0,339,256,280,390,323,257
head_543_1,person_phone_head,92,16,339,255,280,390,248,240
head_545_1,person_phone_head,85,2,312,257,280,390,228,256
head_547_1,person_phone_head,66,12,284,256,280,390,219,245
head_549_1,person_phone_head,138,20,386,260,280,390,249,241
head_550_1,person_phone_head,51,25,300,254,280,352,250,230
head_555_1,person_phone_head,84,27,325,255,280,390,242,229
head_557_1,person_phone_head,111,28,354,255,280,390,244,228
head_558_1,person_phone_head,27,48,257,258,280,390,231,211
head_562_1,person_phone_head,116,6,304,246,280,390,189,241
head_569_1,person_phone_head,69,11,319,259,280,390,251,249
head_570_1,person_phone_head,67,16,314,255,280,390,248,240
head_572_1,person_phone_head,95,35,379,257,280,390,285,223
head_575_1,person_phone_head,28,16,258,244,280,381,231,229
head_576_1,person_phone_head,70,19,320,255,280,390,251,237
head_577_1,person_phone_head,82,12,338,260,280,390,257,249
head_585_1,person_phone_head,148,36,298,227,280,390,151,192
head_586_1,person_phone_head,247,4,523,256,280,528,277,253
head_588_1,person_phone_head,95,8,260,255,280,260,166,248
head_590_1,person_phone_head,72,7,312,256,280,390,241,250
head_591_1,person_phone_head,124,14,377,257,280,390,254,244
head_592_1,person_phone_head,53,20,273,249,280,410,221,230
head_594_1,person_phone_head,68,0,325,255,280,390,258,256
head_596_1,person_phone_head,54,14,381,253,280,390,328,240
head_597_1,person_phone_head,73,35,337,260,280,390,265,226
head_599_1,person_phone_head,188,15,379,245,280,390,192,231
head_600_1,person_phone_head,121,17,370,259,280,390,250,243
head_601_1,person_phone_head,49,14,348,254,280,392,300,241
head_603_1,person_phone_head,89,0,383,258,280,390,295,259
head_605_1,person_phone_head,140,36,361,253,280,390,222,218
head_606_1,person_phone_head,25,41,168,243,280,173,144,203
head_612_1,person_phone_head,36,27,191,225,280,201,156,199
head_613_1,person_phone_head,92,16,275,253,280,390,184,238
head_614_1,person_phone_head,68,26,353,258,280,390,286,233
head_616_1,person_phone_head,52,5,240,244,280,370,189,240
head_617_1,person_phone_head,114,28,348,250,280,390,235,223
head_619_1,person_phone_head,138,20,348,245,280,390,211,226
head_622_1,person_phone_head,23,2,333,254,280,390,311,253
head_625_1,person_phone_head,28,12,271,257,280,390,244,246
head_634_1,person_phone_head,65,5,227,231,280,390,163,227
head_636_1,person_phone_head,62,25,298,246,280,390,237,222
head_638_1,person_phone_head,44,14,369,252,280,390,326,239
head_639_1,person_phone_head,62,0,386,256,280,390,325,257
head_650_1,person_phone_head,99,27,315,252,280,391,217,226
head_651_1,person_phone_head,39,7,295,260,280,358,257,254
head_654_1,person_phone_head,79,28,346,256,280,390,268,229
head_656_1,person_phone_head,90,13,380,256,280,390,291,244
head_658_1,person_phone_head,72,32,290,251,280,587,219,220
head_659_1,person_phone_head,116,19,325,261,280,390,210,243
head_663_1,person_phone_head,90,18,350,256,280,390,261,239
head_664_1,person_phone_head,167,23,356,249,280,389,190,227
head_665_1,person_phone_head,62,0,367,252,280,390,306,253
head_673_1,person_phone_head,73,0,392,257,280,398,320,258
head_674_1,person_phone_head,46,10,244,254,280,376,199,245
head_675_1,person_phone_head,142,34,325,251,280,390,184,218
head_678_1,person_phone_head,123,40,367,255,280,390,245,216
head_679_1,person_phone_head,107,33,348,258,280,390,242,226
head_680_1,person_phone_head,185,50,340,241,280,390,156,192
head_684_1,person_phone_head,36,17,337,255,280,390,302,239
head_685_1,person_phone_head,199,9,510,263,280,538,312,255
head_692_1,person_phone_head,47,1,306,257,280,390,260,257
head_695_1,person_phone_head,12,31,163,240,280,173,152,210
head_698_1,person_phone_head,19,21,247,248,280,390,229,228
head_699_1,person_phone_head,45,14,179,232,280,194,135,219
head_704_1,person_phone_head,36,24,151,241,280,172,116,218
head_707_1,person_phone_head,29,2,294,254,280,426,266,253
head_711_1,person_phone_head,55,19,357,250,280,390,303,232
head_717_1,person_phone_head,155,31,338,256,280,391,184,226
head_720_1,person_phone_head,98,35,332,253,280,390,235,219
head_721_1,person_phone_head,78,18,336,251,280,390,259,234
head_723_1,person_phone_head,12,17,195,255,280,390,184,239
head_726_1,person_phone_head,66,4,386,254,280,390,321,251
head_729_1,person_phone_head,47,19,307,250,280,390,261,232
head_732_1,person_phone_head,114,1,383,260,280,390,270,260
head_733_1,person_phone_head,148,6,385,252,280,390,238,247
head_735_1,person_phone_head,143,29,372,251,280,390,230,223
head_743_1,person_phone_head,87,5,369,264,280,383,283,260
head_744_1,person_phone_head,78,16,343,256,280,390,266,241
head_745_1,person_phone_head,132,12,380,258,280,390,249,247
head_747_1,person_phone_head,75,2,329,248,280,390,255,247
head_748_1,person_phone_head,130,11,387,253,280,390,258,243
head_749_1,person_phone_head,39,12,283,248,280,390,245,237
head_751_1,person_phone_head,38,49,174,257,280,174,137,209
head_752_1,person_phone_head,32,21,271,253,280,389,240,233
head_754_1,person_phone_head,97,0,380,257,280,390,284,258
head_756_1,person_phone_head,115,15,328,251,280,393,214,237
head_757_1,person_phone_head,57,8,385,253,280,390,329,246
head_759_1,person_phone_head,29,19,260,254,280,260,232,236
head_766_1,person_phone_head,93,14,369,255,280,390,277,242
head_767_1,person_phone_head,175,4,387,250,280,390,213,247
head_768_1,person_phone_head,225,30,414,242,280,480,190,213
head_770_1,person_phone_head,19,7,356,255,280,390,338,249
head_771_1,person_phone_head,69,18,378,254,280,385,310,237
head_772_1,person_phone_head,108,13,388,260,280,463,281,248
head_775_1,person_phone_head,196,15,390,256,280,390,195,242
hand_001_1,person_phone_hand,75,5,182,164,167,250,108,160
hand_003_1,person_phone_hand,162,13,375,259,280,390,214,247
hand_005_1,person_phone_hand,101,29,289,250,280,390,189,222
hand_006_1,person_phone_hand,41,28,138,137,280,173,98,110
hand_007_1,person_phone_hand,129,2,230,125,146,250,102,124
hand_012_1,person_phone_hand,123,22,293,241,280,390,171,220
hand_013_1,person_phone_hand,178,39,382,245,280,390,205,207
hand_014_1,person_phone_hand,88,0,361,252,280,390,274,253
hand_021_1,person_phone_hand,31,5,240,247,280,390,210,243
hand_023_1,person_phone_hand,143,3,376,258,280,390,234,256
hand_024_1,person_phone_hand,61,3,179,163,167,250,119,161
hand_027_1,person_phone_hand,26,22,97,140,280,152,72,119
hand_030_1,person_phone_hand,50,18,128,131,280,155,79,114
hand_032_1,person_phone_hand,50,18,128,131,280,173,79,114
hand_035_1,person_phone_hand,49,20,140,128,280,177,92,109
hand_036_1,person_phone_hand,21,17,116,134,280,148,96,118
hand_037_1,person_phone_hand,54,14,138,122,280,158,85,109
hand_041_1,person_phone_hand,26,30,116,148,280,144,91,119
hand_044_1,person_phone_hand,56,10,136,174,280,148,81,165
hand_045_1,person_phone_hand,37,18,129,149,280,172,93,132
hand_047_1,person_phone_hand,44,12,142,126,280,173,99,115
hand_048_1,person_phone_hand,24,33,105,141,280,151,82,109
hand_049_1,person_phone_hand,24,18,129,150,280,153,106,133
hand_053_1,person_phone_hand,31,23,127,136,280,173,97,114
hand_054_1,person_phone_hand,29,17,116,142,280,148,88,126
hand_055_1,person_phone_hand,34,18,123,138,280,156,90,121
hand_057_1,person_phone_hand,45,11,127,120,280,150,83,110
hand_058_1,person_phone_hand,19,24,126,153,280,152,108,130
hand_059_1,person_phone_hand,41,12,127,140,280,158,87,129
hand_061_1,person_phone_hand,34,36,155,234,280,178,122,199
hand_062_1,person_phone_hand,45,13,141,139,280,173,97,127
hand_063_1,person_phone_hand,21,28,116,237,280,152,96,210
hand_065_1,person_phone_hand,32,21,116,147,280,147,85,127
hand_066_1,person_phone_hand,36,9,133,136,280,161,98,128
hand_067_1,person_phone_hand,61,7,136,121,280,166,76,115
hand_069_1,person_phone_hand,46,9,129,121,280,171,84,113
hand_070_1,person_phone_hand,36,24,122,146,280,151,87,123
hand_071_1,person_phone_hand,40,19,127,130,280,159,88,112
hand_073_1,person_phone_hand,29,26,109,135,280,155,81,110
hand_074_1,person_phone_hand,38,16,117,139,280,162,80,124
hand_075_1,person_phone_hand,30,17,109,129,280,153,80,113
hand_077_1,person_phone_hand,51,13,148,136,280,189,98,124
hand_078_1,person_phone_hand,29,12,106,121,280,158,78,110
hand_079_1,person_phone_hand,29,18,122,144,280,162,94,127
hand_081_1,person_phone_hand,58,10,135,177,280,151,78,168
hand_082_1,person_phone_hand,62,12,141,136,280,176,80,125
hand_083_1,person_phone_hand,46,20,140,128,280,177,95,109
hand_085_1,person_phone_hand,30,17,112,143,280,150,83,127
hand_086_1,person_phone_hand,30,17,112,143,280,148,83,127
hand_087_1,person_phone_hand,158,26,343,252,280,390,186,227
hand_089_1,person_phone_hand,8,4,269,257,280,389,262,254
hand_091_1,person_phone_hand,49,25,230,248,280,389,182,224
hand_093_1,person_phone_hand,22,17,117,131,280,173,96,115
hand_096_1,person_phone_hand,25,30,192,245,280,204,168,216
hand_097_1,person_phone_hand,105,11,253,247,280,316,149,237
hand_098_1,person_phone_hand,85,10,198,151,167,250,114,142
hand_1001_1,person_phone_hand,126,17,266,215,280,379,141,199
hand_1002_1,person_phone_hand,165,14,354,257,280,390,190,244
hand_1003_1,person_phone_hand,29,13,185,245,280,215,157,233
hand_1004_1,person_phone_hand,93,15,304,260,280,390,212,246
hand_1005_1,person_phone_hand,93,25,298,250,280,390,206,226
hand_1006_1,person_phone_hand,87,18,310,257,280,390,224,240
hand_1007_1,person_phone_hand,87,18,310,257,280,390,224,240
hand_1008_1,person_phone_hand,86,18,289,253,280,390,204,236
hand_1009_1,person_phone_hand,90,19,297,253,280,390,208,235
hand_1010_1,person_phone_hand,116,28,304,251,280,390,189,224
hand_1011_1,person_phone_hand,116,28,304,251,280,390,189,224
hand_1012_1,person_phone_hand,116,28,304,251,280,390,189,224
hand_1013_1,person_phone_hand,116,28,304,251,280,390,189,224
hand_1014_1,person_phone_hand,116,28,304,251,280,390,189,224
hand_1015_1,person_phone_hand,118,27,295,249,280,390,178,223
hand_1016_1,person_phone_hand,118,27,295,249,280,390,178,223
hand_1017_1,person_phone_hand,112,26,291,252,280,390,180,227
hand_1018_1,person_phone_hand,100,23,315,255,280,390,216,233
hand_1019_1,person_phone_hand,100,23,315,255,280,390,216,233
hand_1020_1,person_phone_hand,100,23,315,255,280,390,216,233
hand_1021_1,person_phone_hand,100,23,315,255,280,390,216,233
hand_1022_1,person_phone_hand,61,16,193,192,280,325,133,177
hand_1023_1,person_phone_hand,61,16,193,192,280,325,133,177
hand_1024_1,person_phone_hand,153,11,357,255,280,371,205,245
hand_1025_1,person_phone_hand,154,16,355,257,280,371,202,242
hand_1026_1,person_phone_hand,154,16,355,257,280,371,202,242
hand_1027_1,person_phone_hand,154,16,355,257,280,371,202,242
hand_1028_1,person_phone_hand,154,16,355,257,280,371,202,242
hand_1029_1,person_phone_hand,154,16,355,257,280,371,202,242
hand_102_1,person_phone_hand,93,14,298,259,280,390,206,246
hand_1030_1,person_phone_hand,101,23,257,238,280,352,157,216
hand_1031_1,person_phone_hand,101,23,257,238,280,352,157,216
hand_1032_1,person_phone_hand,107,29,284,244,280,372,178,216
hand_1033_1,person_phone_hand,48,19,312,249,280,390,265,231
hand_1034_1,person_phone_hand,85,22,302,253,280,390,218,232
hand_1035_1,person_phone_hand,72,24,269,251,280,494,198,228
hand_1036_1,person_phone_hand,72,24,269,251,280,494,198,228
hand_1037_1,person_phone_hand,123,31,276,235,280,390,154,205
hand_1039_1,person_phone_hand,99,21,261,254,280,390,163,234
hand_103_1,person_phone_hand,73,20,189,167,167,250,117,148
hand_1040_1,person_phone_hand,67,2,375,259,280,390,309,258
hand_1041_1,person_phone_hand,117,24,298,250,280,390,182,227
hand_1042_1,person_phone_hand,117,24,298,250,280,390,182,227
hand_1043_1,person_phone_hand,153,28,373,248,280,390,221,221
hand_1044_1,person_phone_hand,131,30,276,235,280,390,146,206
hand_1045_1,person_phone_hand,51,26,230,239,280,390,180,214
hand_1046_1,person_phone_hand,51,26,230,239,280,390,180,214
hand_1047_1,person_phone_hand,53,24,231,242,280,390,179,219
hand_1048_1,person_phone_hand,53,24,231,242,280,390,179,219
hand_1049_1,person_phone_hand,53,24,231,242,280,390,179,219
hand_104_1,person_phone_hand,53,5,217,263,280,390,165,259
hand_1050_1,person_phone_hand,26,27,223,239,280,389,198,213
hand_1051_1,person_phone_hand,19,23,156,221,280,173,138,199
hand_1052_1,person_phone_hand,107,26,272,249,280,390,166,224
hand_1053_1,person_phone_hand,43,28,234,252,280,390,192,225
hand_1054_1,person_phone_hand,101,20,279,254,280,390,179,235
hand_1055_1,person_phone_hand,101,20,279,254,280,390,179,235
hand_1056_1,person_phone_hand,101,20,279,254,280,390,179,235
hand_1057_1,person_phone_hand,101,20,279,254,280,390,179,235
hand_1058_1,person_phone_hand,101,20,279,254,280,390,179,235
hand_1059_1,person_phone_hand,166,44,371,236,280,390,206,193
hand_105_1,person_phone_hand,156,18,353,253,280,390,198,236
hand_1061_1,person_phone_hand,166,44,371,236,280,390,206,193
hand_1063_1,person_phone_hand,98,22,259,208,280,387,162,187
hand_1064_1,person_phone_hand,98,22,259,208,280,387,162,187
hand_1065_1,person_phone_hand,98,22,259,208,280,387,162,187
hand_1066_1,person_phone_hand,98,15,297,259,280,390,200,245
hand_1067_1,person_phone_hand,98,15,297,259,280,390,200,245
hand_1068_1,person_phone_hand,128,26,293,242,280,390,166,217
hand_1069_1,person_phone_hand,128,26,293,242,280,390,166,217
hand_1070_1,person_phone_hand,128,26,293,242,280,390,166,217
hand_1071_1,person_phone_hand,128,26,293,242,280,390,166,217
hand_1072_1,person_phone_hand,121,24,287,245,280,390,167,222
hand_1073_1,person_phone_hand,125,24,285,241,280,390,161,218
hand_1074_1,person_phone_hand,56,26,320,235,280,390,265,210
hand_1075_1,person_phone_hand,53,26,233,252,280,390,181,227
hand_1076_1,person_phone_hand,53,26,233,252,280,390,181,227
hand_107_1,person_phone_hand,20,2,204,235,280,339,185,234
hand_110_1,person_phone_hand,27,29,147,182,280,185,121,154
hand_111_1,person_phone_hand,22,29,156,205,280,172,135,177
hand_112_1,person_phone_hand,53,20,250,245,280,390,198,226
hand_116_1,person_phone_hand,30,15,212,242,280,390,183,228
hand_117_1,person_phone_hand,63,12,172,149,167,250,110,138
hand_118_1,person_phone_hand,75,11,188,151,167,250,114,141
hand_121_1,person_phone_hand,62,15,172,157,166,250,111,143
hand_123_1,person_phone_hand,50,16,225,247,280,390,176,232
hand_124_1,person_phone_hand,107,17,272,253,280,390,166,237
hand_127_1,person_phone_hand,64,4,279,269,280,390,216,266
hand_128_1,person_phone_hand,21,10,137,159,167,250,117,150
hand_129_1,person_phone_hand,33,20,214,257,280,390,182,238
hand_131_1,person_phone_hand,43,17,279,255,280,307,237,239
hand_132_1,person_phone_hand,114,33,288,245,280,390,175,213
hand_134_1,person_phone_hand,33,2,379,244,280,390,347,243
hand_136_1,person_phone_hand,72,31,216,238,280,390,145,208
hand_137_1,person_phone_hand,27,24,296,241,280,390,270,218
hand_138_1,person_phone_hand,37,25,192,240,280,390,156,216
hand_140_1,person_phone_hand,84,8,317,262,280,390,234,255
hand_141_1,person_phone_hand,32,0,170,164,167,250,139,165
hand_143_1,person_phone_hand,79,15,203,148,167,250,125,134
hand_145_1,person_phone_hand,147,39,366,253,280,390,220,215
hand_146_1,person_phone_hand,170,44,375,243,280,390,206,200
hand_147_1,person_phone_hand,61,9,180,159,167,250,120,151
hand_149_1,person_phone_hand,85,28,297,241,280,367,213,214
hand_150_1,person_phone_hand,28,23,214,254,280,227,187,232
hand_151_1,person_phone_hand,164,33,346,252,280,390,183,220
hand_153_1,person_phone_hand,93,22,267,255,280,390,175,234
hand_154_1,person_phone_hand,44,23,322,259,280,390,279,237
hand_155_1,person_phone_hand,99,26,258,244,280,417,160,219
hand_158_1,person_phone_hand,112,22,328,258,280,390,217,237
hand_159_1,person_phone_hand,136,33,366,254,280,390,231,222
hand_161_1,person_phone_hand,177,46,338,244,280,390,162,199
hand_164_1,person_phone_hand,29,15,137,148,280,173,109,134
hand_165_1,person_phone_hand,29,15,137,148,280,173,109,134
hand_167_1,person_phone_hand,47,41,141,146,280,173,95,106
hand_172_1,person_phone_hand,79,21,295,251,280,390,217,231
hand_173_1,person_phone_hand,106,3,232,159,163,250,127,157
hand_174_1,person_phone_hand,101,22,275,255,280,390,175,234
hand_176_1,person_phone_hand,126,20,299,205,280,390,174,186
hand_177_1,person_phone_hand,170,2,297,199,280,390,128,198
hand_178_1,person_phone_hand,109,21,268,245,280,390,160,225
hand_180_1,person_phone_hand,99,15,276,258,280,390,178,244
hand_181_1,person_phone_hand,67,16,183,150,167,250,117,135
hand_183_1,person_phone_hand,19,7,244,244,280,390,226,238
hand_185_1,person_phone_hand,166,30,384,253,280,390,219,224
hand_186_1,person_phone_hand,178,9,382,259,280,390,205,251
hand_187_1,person_phone_hand,59,0,236,162,167,250,178,163
hand_190_1,person_phone_hand,91,19,270,252,280,390,180,234
hand_191_1,person_phone_hand,98,20,293,256,280,390,196,237
hand_192_1,person_phone_hand,83,10,313,261,280,390,231,252
hand_194_1,person_phone_hand,175,30,376,253,280,390,202,224
hand_195_1,person_phone_hand,151,17,385,252,280,390,235,236
hand_196_1,person_phone_hand,24,9,136,162,280,173,113,154
hand_198_1,person_phone_hand,59,42,304,258,280,390,246,217
hand_199_1,person_phone_hand,199,0,375,231,280,390,177,232
hand_200_1,person_phone_hand,79,11,186,153,167,250,108,143
hand_202_1,person_phone_hand,140,32,382,253,280,390,243,222
hand_203_1,person_phone_hand,185,41,381,242,280,390,197,202
hand_204_1,person_phone_hand,135,15,304,250,280,390,170,236
hand_206_1,person_phone_hand,173,69,359,269,280,390,187,201
hand_207_1,person_phone_hand,51,16,360,257,280,390,310,242
hand_208_1,person_phone_hand,67,14,361,255,280,390,295,242
hand_211_1,person_phone_hand,37,36,227,250,280,390,191,215
hand_212_1,person_phone_hand,42,30,210,250,280,390,169,221
hand_213_1,person_phone_hand,34,2,218,164,167,250,185,163
hand_215_1,person_phone_hand,110,30,312,246,280,391,203,217
hand_216_1,person_phone_hand,111,24,301,252,280,390,191,229
hand_217_1,person_phone_hand,98,32,300,234,280,390,203,203
hand_219_1,person_phone_hand,66,9,228,205,226,250,163,197
hand_220_1,person_phone_hand,81,21,209,242,280,352,129,222
hand_221_1,person_phone_hand,33,13,181,232,280,208,149,220
hand_223_1,person_phone_hand,57,3,184,164,167,250,128,162
hand_224_1,person_phone_hand,39,2,224,164,167,250,186,163
hand_226_1,person_phone_hand,77,25,281,237,280,390,205,213
hand_228_1,person_phone_hand,67,11,185,158,167,250,119,148
hand_230_1,person_phone_hand,114,46,272,234,280,390,159,189
hand_231_1,person_phone_hand,124,16,285,257,280,390,162,242
hand_233_1,person_phone_hand,75,21,191,147,167,250,117,127
hand_235_1,person_phone_hand,121,27,288,249,280,390,168,223
hand_237_1,person_phone_hand,132,11,310,208,280,390,179,198
hand_239_1,person_phone_hand,179,32,332,233,280,390,154,202
hand_241_1,person_phone_hand,53,0,236,165,167,250,184,166
hand_242_1,person_phone_hand,120,17,269,253,280,390,150,237
hand_245_1,person_phone_hand,20,11,218,154,167,250,199,144
hand_246_1,person_phone_hand,156,22,333,251,280,390,178,230
hand_247_1,person_phone_hand,99,28,284,265,280,390,186,238
hand_250_1,person_phone_hand,154,25,343,253,280,390,190,229
hand_252_1,person_phone_hand,102,30,294,253,280,389,193,224
hand_253_1,person_phone_hand,52,27,199,235,280,390,148,209
hand_257_1,person_phone_hand,60,33,271,182,280,390,212,150
hand_258_1,person_phone_hand,83,13,185,151,167,250,103,139
hand_260_1,person_phone_hand,180,12,381,259,280,390,202,248
hand_264_1,person_phone_hand,49,0,213,166,167,250,165,167
hand_265_1,person_phone_hand,41,37,143,140,280,169,103,104
hand_267_1,person_phone_hand,103,7,233,161,167,250,131,155
hand_273_1,person_phone_hand,123,10,325,260,280,390,203,251
hand_275_1,person_phone_hand,80,10,162,159,167,250,83,150
hand_276_1,person_phone_hand,123,24,257,254,280,390,135,231
hand_278_1,person_phone_hand,72,5,177,165,167,250,106,161
hand_280_1,person_phone_hand,80,37,281,249,280,390,202,213
hand_281_1,person_phone_hand,108,16,294,260,280,390,187,245
hand_283_1,person_phone_hand,25,17,217,254,280,390,193,238
hand_284_1,person_phone_hand,160,16,328,246,280,390,169,231
hand_285_1,person_phone_hand,152,12,364,250,280,390,213,239
hand_287_1,person_phone_hand,121,13,351,251,280,429,231,239
hand_288_1,person_phone_hand,163,26,363,252,280,518,201,227
hand_290_1,person_phone_hand,75,9,183,153,167,250,109,145
hand_294_1,person_phone_hand,178,26,361,242,280,390,184,217
hand_295_1,person_phone_hand,107,29,305,244,280,390,199,216
hand_296_1,person_phone_hand,142,22,354,259,280,390,213,238
hand_299_1,person_phone_hand,145,29,301,250,280,390,157,222
hand_300_1,person_phone_hand,93,28,378,261,280,390,286,234
hand_301_1,person_phone_hand,12,23,193,156,167,250,182,134
hand_307_1,person_phone_hand,152,19,341,247,280,390,190,229
hand_308_1,person_phone_hand,89,29,224,221,280,390,136,193
hand_309_1,person_phone_hand,139,2,383,254,280,390,245,253
hand_311_1,person_phone_hand,152,24,345,257,280,390,194,234
hand_312_1,person_phone_hand,69,3,334,255,280,390,266,253
hand_313_1,person_phone_hand,43,7,293,259,280,307,251,253
hand_317_1,person_phone_hand,72,13,187,155,167,250,116,143
hand_319_1,person_phone_hand,42,26,122,131,280,173,81,106
hand_320_1,person_phone_hand,47,16,224,254,280,390,178,239
hand_325_1,person_phone_hand,133,26,383,256,280,390,251,231
hand_327_1,person_phone_hand,77,13,335,255,280,390,259,243
hand_328_1,person_phone_hand,91,21,272,256,280,390,182,236
hand_330_1,person_phone_hand,166,23,327,240,280,390,162,218
hand_331_1,person_phone_hand,25,15,109,160,280,173,85,146
hand_332_1,person_phone_hand,95,21,288,253,280,345,194,233
hand_334_1,person_phone_hand,119,38,259,233,280,390,141,196
hand_335_1,person_phone_hand,56,14,258,250,280,390,203,237
hand_336_1,person_phone_hand,88,28,235,245,280,390,148,218
hand_339_1,person_phone_hand,88,28,235,245,280,174,148,218
hand_340_1,person_phone_hand,79,15,310,254,280,389,232,240
hand_341_1,person_phone_hand,61,15,277,249,280,327,217,235
hand_343_1,person_phone_hand,175,16,363,250,280,390,189,235
hand_344_1,person_phone_hand,120,16,290,254,280,390,171,239
hand_345_1,person_phone_hand,192,16,365,248,280,390,174,233
hand_349_1,person_phone_hand,87,31,240,245,280,390,154,215
hand_350_1,person_phone_hand,35,14,141,146,280,173,107,133
hand_351_1,person_phone_hand,117,24,274,245,280,390,158,222
hand_354_1,person_phone_hand,113,20,308,258,280,390,196,239
hand_355_1,person_phone_hand,26,10,116,152,280,173,91,143
hand_358_1,person_phone_hand,76,3,177,162,167,250,102,160
hand_361_1,person_phone_hand,74,8,174,155,167,250,101,148
hand_362_1,person_phone_hand,199,12,362,255,280,390,164,244
hand_363_1,person_phone_hand,46,24,192,236,280,389,147,213
hand_365_1,person_phone_hand,30,25,126,139,280,173,97,115
hand_367_1,person_phone_hand,104,22,292,254,280,390,189,233
hand_368_1,person_phone_hand,110,26,290,255,280,390,181,230
hand_371_1,person_phone_hand,108,6,239,162,167,250,132,157
hand_373_1,person_phone_hand,165,14,372,258,280,390,208,245
hand_375_1,person_phone_hand,36,7,311,265,280,582,276,259
hand_381_1,person_phone_hand,147,7,395,258,280,400,249,252
hand_382_1,person_phone_hand,81,17,306,256,280,385,226,240
hand_383_1,person_phone_hand,121,25,202,135,157,250,82,111
hand_386_1,person_phone_hand,91,2,313,261,280,404,223,260
hand_387_1,person_phone_hand,8,22,200,236,280,441,193,215
hand_388_1,person_phone_hand,109,24,288,246,280,390,180,223
hand_390_1,person_phone_hand,157,31,353,248,280,390,197,218
hand_391_1,person_phone_hand,41,26,224,251,280,390,184,226
hand_393_1,person_phone_hand,105,17,319,249,280,390,215,233
hand_396_1,person_phone_hand,83,9,310,260,280,390,228,252
hand_397_1,person_phone_hand,67,8,343,256,280,390,277,249
hand_398_1,person_phone_hand,84,2,337,254,280,390,254,253
hand_402_1,person_phone_hand,94,29,238,231,280,379,145,203
hand_403_1,person_phone_hand,31,15,193,250,280,215,163,236
hand_406_1,person_phone_hand,181,14,362,256,280,390,182,243
hand_408_1,person_phone_hand,33,7,157,201,280,190,125,195
hand_409_1,person_phone_hand,141,31,345,246,280,462,205,216
hand_410_1,person_phone_hand,14,3,262,254,280,428,249,252
hand_412_1,person_phone_hand,101,23,257,238,280,352,157,216
hand_415_1,person_phone_hand,112,16,327,256,280,390,216,241
hand_416_1,person_phone_hand,92,10,197,157,167,250,106,148
hand_419_1,person_phone_hand,119,26,280,250,280,390,162,225
hand_420_1,person_phone_hand,38,17,230,241,280,390,193,225
hand_421_1,person_phone_hand,84,10,349,252,280,390,266,243
hand_423_1,person_phone_hand,92,12,323,259,280,390,232,248
hand_424_1,person_phone_hand,92,22,329,255,280,349,238,234
hand_426_1,person_phone_hand,160,26,366,247,280,390,207,222
hand_428_1,person_phone_hand,68,33,214,239,280,390,147,207
hand_429_1,person_phone_hand,51,26,230,239,280,390,180,214
hand_430_1,person_phone_hand,53,24,231,242,280,390,179,219
hand_432_1,person_phone_hand,97,22,255,251,280,390,159,230
hand_433_1,person_phone_hand,85,14,299,260,280,390,215,247
hand_434_1,person_phone_hand,95,15,298,257,280,390,204,243
hand_436_1,person_phone_hand,160,10,429,254,280,454,270,245
hand_437_1,person_phone_hand,149,1,350,254,280,390,202,254
hand_438_1,person_phone_hand,56,5,193,210,280,364,138,206
hand_441_1,person_phone_hand,82,15,185,150,167,250,104,136
hand_442_1,person_phone_hand,95,24,295,250,280,389,201,227
hand_443_1,person_phone_hand,82,17,169,135,149,250,88,119
hand_446_1,person_phone_hand,4,18,220,239,280,390,217,222
hand_447_1,person_phone_hand,29,13,185,245,280,215,157,233
hand_448_1,person_phone_hand,93,15,304,260,280,390,212,246
hand_450_1,person_phone_hand,90,19,297,253,280,390,208,235
hand_451_1,person_phone_hand,116,28,304,251,280,390,189,224
hand_452_1,person_phone_hand,116,28,304,251,280,390,189,224
hand_454_1,person_phone_hand,100,23,315,255,280,390,216,233
hand_455_1,person_phone_hand,61,16,193,192,280,325,133,177
hand_456_1,person_phone_hand,153,11,357,255,280,371,205,245
hand_458_1,person_phone_hand,107,29,284,244,280,372,178,216
hand_459_1,person_phone_hand,48,19,312,249,280,390,265,231
hand_460_1,person_phone_hand,123,31,276,235,280,390,154,205
hand_463_1,person_phone_hand,67,2,375,259,280,390,309,258
hand_464_1,person_phone_hand,117,24,298,250,280,390,182,227
hand_465_1,person_phone_hand,153,28,373,248,280,390,221,221
hand_467_1,person_phone_hand,51,26,230,239,280,390,180,214
hand_468_1,person_phone_hand,26,27,223,239,280,389,198,213
hand_469_1,person_phone_hand,19,23,156,221,280,173,138,199
hand_471_1,person_phone_hand,43,28,234,252,280,390,192,225
hand_472_1,person_phone_hand,101,20,279,254,280,390,179,235
hand_473_1,person_phone_hand,166,44,371,236,280,390,206,193
hand_476_1,person_phone_hand,98,15,297,259,280,390,200,245
hand_477_1,person_phone_hand,98,15,297,259,280,390,200,245
hand_478_1,person_phone_hand,128,26,293,242,280,390,166,217
hand_480_1,person_phone_hand,53,26,233,252,280,390,181,227
hand_481_1,person_phone_hand,126,17,266,215,280,379,141,199
hand_482_1,person_phone_hand,102,12,294,261,280,390,193,250
hand_484_1,person_phone_hand,95,24,265,250,280,390,171,227
hand_485_1,person_phone_hand,141,1,383,253,280,390,243,253
hand_486_1,person_phone_hand,108,13,285,261,280,536,178,249
hand_488_1,person_phone_hand,102,20,280,255,280,390,179,236
hand_489_1,person_phone_hand,120,11,325,254,280,346,206,244
hand_490_1,person_phone_hand,127,24,299,244,280,346,173,221
hand_492_1,person_phone_hand,106,25,278,249,280,390,173,225
hand_493_1,person_phone_hand,94,9,284,263,280,390,191,255
hand_494_1,person_phone_hand,48,28,236,222,280,390,189,195
hand_496_1,person_phone_hand,27,33,203,247,280,346,177,215
hand_497_1,person_phone_hand,135,18,321,248,280,346,187,231
hand_498_1,person_phone_hand,160,26,334,252,280,390,175,227
hand_500_1,person_phone_hand,77,32,252,246,280,390,176,215
hand_501_1,person_phone_hand,103,29,299,244,280,390,197,216
hand_502_1,person_phone_hand,120,33,277,244,280,390,158,212
hand_504_1,person_phone_hand,108,30,287,240,280,390,180,211
hand_505_1,person_phone_hand,144,22,309,255,280,390,166,234
hand_506_1,person_phone_hand,132,30,299,255,280,390,168,226
hand_508_1,person_phone_hand,96,30,277,255,280,389,182,226
hand_509_1,person_phone_hand,153,11,336,253,280,389,184,243
hand_510_1,person_phone_hand,96,30,274,252,280,391,179,223
hand_512_1,person_phone_hand,107,17,272,253,280,390,166,237
hand_513_1,person_phone_hand,89,18,272,255,280,390,184,238
hand_514_1,person_phone_hand,147,27,338,253,280,390,192,227
hand_516_1,person_phone_hand,89,24,278,243,280,390,190,220
hand_517_1,person_phone_hand,68,16,281,256,280,390,214,241
hand_518_1,person_phone_hand,130,19,311,255,280,390,182,237
hand_520_1,person_phone_hand,91,23,271,252,280,390,181,230
hand_521_1,person_phone_hand,85,21,271,254,280,390,187,234
hand_522_1,person_phone_hand,94,20,317,257,280,390,224,238
hand_524_1,person_phone_hand,101,20,298,257,280,390,198,238
hand_525_1,person_phone_hand,99,20,296,253,280,390,198,234
hand_526_1,person_phone_hand,114,33,288,245,280,390,175,213
hand_528_1,person_phone_hand,84,21,300,252,280,390,217,232
hand_529_1,person_phone_hand,70,7,334,256,280,390,265,250
hand_530_1,person_phone_hand,104,26,288,247,280,390,185,222
hand_532_1,person_phone_hand,118,32,277,239,280,390,160,208
hand_533_1,person_phone_hand,103,13,326,259,280,390,224,247
hand_534_1,person_phone_hand,94,19,288,254,280,390,195,236
hand_536_1,person_phone_hand,88,19,309,256,280,390,222,238
hand_537_1,person_phone_hand,159,13,368,242,280,390,210,230
hand_538_1,person_phone_hand,179,24,352,249,280,390,174,226
hand_540_1,person_phone_hand,122,24,287,236,280,390,166,213
hand_541_1,person_phone_hand,87,8,320,258,280,390,234,251
hand_542_1,person_phone_hand,109,26,291,247,280,390,183,222
hand_544_1,person_phone_hand,112,20,316,254,280,390,205,235
hand_545_1,person_phone_hand,97,14,278,256,280,390,182,243
hand_546_1,person_phone_hand,115,37,292,237,280,390,178,201
hand_548_1,person_phone_hand,84,8,313,262,280,390,230,255
hand_549_1,person_phone_hand,96,18,285,255,280,390,190,238
hand_550_1,person_phone_hand,74,22,297,258,280,390,224,237
hand_552_1,person_phone_hand,118,46,280,239,280,390,163,194
hand_553_1,person_phone_hand,87,0,350,255,280,390,264,256
hand_554_1,person_phone_hand,101,22,275,255,280,390,175,234
hand_556_1,person_phone_hand,128,20,292,247,280,390,165,228
hand_557_1,person_phone_hand,144,9,361,256,280,390,218,248
hand_558_1,person_phone_hand,170,2,297,199,280,390,128,198
hand_560_1,person_phone_hand,109,21,268,245,280,390,160,225
hand_561_1,person_phone_hand,101,3,244,213,280,389,144,211
hand_562_1,person_phone_hand,101,3,244,213,280,389,144,211
hand_564_1,person_phone_hand,101,22,299,253,280,390,199,232
hand_565_1,person_phone_hand,120,36,278,247,280,390,159,212
hand_566_1,person_phone_hand,120,36,278,247,280,390,159,212
hand_568_1,person_phone_hand,90,12,297,263,280,390,208,252
hand_569_1,person_phone_hand,90,12,297,263,280,390,208,252
hand_570_1,person_phone_hand,114,23,294,256,280,390,181,234
hand_572_1,person_phone_hand,160,21,316,215,280,390,157,195
hand_573_1,person_phone_hand,53,18,320,255,280,390,268,238
hand_574_1,person_phone_hand,24,12,296,255,280,390,273,244
hand_576_1,person_phone_hand,118,28,296,249,280,390,179,222
hand_577_1,person_phone_hand,123,28,272,236,280,390,150,209
hand_578_1,person_phone_hand,119,31,275,233,280,390,157,203
hand_580_1,person_phone_hand,115,23,280,245,280,390,166,223
hand_582_1,person_phone_hand,95,18,299,257,280,390,205,240
hand_583_1,person_phone_hand,103,22,297,257,280,390,195,236
hand_585_1,person_phone_hand,98,20,293,256,280,390,196,237
hand_586_1,person_phone_hand,122,27,284,244,280,390,163,218
hand_587_1,person_phone_hand,83,10,313,261,280,390,231,252
hand_589_1,person_phone_hand,82,12,298,263,280,390,217,252
hand_590_1,person_phone_hand,32,13,236,253,280,390,205,241
hand_591_1,person_phone_hand,100,16,296,262,280,390,197,247
hand_593_1,person_phone_hand,115,28,292,248,280,390,178,221
hand_594_1,person_phone_hand,102,17,292,257,280,390,191,241
hand_595_1,person_phone_hand,103,17,287,256,280,390,185,240
hand_597_1,person_phone_hand,120,23,290,253,280,390,171,231
hand_598_1,person_phone_hand,90,13,294,260,280,390,205,248
hand_599_1,person_phone_hand,121,33,298,252,280,391,178,220
hand_601_1,person_phone_hand,100,14,291,260,280,390,192,247
hand_602_1,person_phone_hand,119,26,271,246,280,390,153,221
hand_603_1,person_phone_hand,119,26,271,246,280,390,153,221
hand_605_1,person_phone_hand,119,26,271,246,280,390,153,221
hand_606_1,person_phone_hand,107,23,275,253,280,390,169,231
hand_607_1,person_phone_hand,107,23,275,253,280,390,169,231
hand_609_1,person_phone_hand,123,24,294,240,280,390,172,217
hand_610_1,person_phone_hand,68,17,239,255,280,390,172,239
hand_611_1,person_phone_hand,119,30,297,247,280,390,179,218
hand_613_1,person_phone_hand,123,18,298,250,280,390,176,233
hand_614_1,person_phone_hand,106,23,286,253,280,390,181,231
hand_615_1,person_phone_hand,119,26,292,248,280,390,174,223
hand_617_1,person_phone_hand,118,31,257,233,280,390,140,203
hand_618_1,person_phone_hand,49,15,232,251,280,390,184,237
hand_619_1,person_phone_hand,143,21,382,249,280,390,240,229
hand_621_1,person_phone_hand,61,29,330,255,280,462,270,227
hand_622_1,person_phone_hand,52,11,207,235,280,260,156,225
hand_623_1,person_phone_hand,64,9,333,256,280,390,270,248
hand_625_1,person_phone_hand,96,18,313,256,280,390,218,239
hand_626_1,person_phone_hand,110,25,292,251,280,390,183,227
hand_627_1,person_phone_hand,110,42,293,253,280,390,184,212
hand_629_1,person_phone_hand,112,26,294,248,280,390,183,223
hand_630_1,person_phone_hand,63,28,309,249,280,390,247,222
hand_631_1,person_phone_hand,126,29,298,243,280,390,173,215
hand_633_1,person_phone_hand,48,19,238,238,280,390,191,220
hand_634_1,person_phone_hand,104,32,302,245,280,390,199,214
hand_635_1,person_phone_hand,40,6,233,248,280,260,194,243
hand_637_1,person_phone_hand,49,18,228,253,280,274,180,236
hand_639_1,person_phone_hand,71,7,339,257,280,390,269,251
hand_640_1,person_phone_hand,188,13,317,203,280,390,130,191
hand_642_1,person_phone_hand,170,24,337,248,280,390,168,225
hand_643_1,person_phone_hand,121,7,332,259,280,390,212,253
hand_644_1,person_phone_hand,161,21,334,247,280,390,174,227
hand_646_1,person_phone_hand,98,25,297,251,280,390,200,227
hand_647_1,person_phone_hand,136,30,319,259,280,390,184,230
hand_648_1,person_phone_hand,118,28,297,248,280,390,180,221
hand_650_1,person_phone_hand,120,27,293,250,280,390,174,224
hand_651_1,person_phone_hand,166,65,339,267,280,390,174,203
hand_652_1,person_phone_hand,63,21,244,233,280,390,182,213
hand_654_1,person_phone_hand,111,9,296,220,280,390,186,212
hand_655_1,person_phone_hand,124,16,299,258,280,390,176,243
hand_656_1,person_phone_hand,77,19,277,256,280,370,201,238
hand_658_1,person_phone_hand,99,13,299,259,280,390,201,247
hand_659_1,person_phone_hand,96,49,312,251,280,390,217,203
hand_660_1,person_phone_hand,76,9,337,252,280,390,262,244
hand_662_1,person_phone_hand,53,2,288,260,280,390,236,259
hand_663_1,person_phone_hand,84,23,329,250,280,390,246,228
hand_664_1,person_phone_hand,107,29,305,244,280,390,199,216
hand_666_1,person_phone_hand,58,5,238,258,280,390,181,254
hand_667_1,person_phone_hand,101,26,249,252,280,390,149,227
hand_668_1,person_phone_hand,103,16,330,259,280,390,228,244
hand_670_1,person_phone_hand,125,19,294,253,280,390,170,235
hand_671_1,person_phone_hand,160,17,380,256,280,390,221,240
hand_672_1,person_phone_hand,91,23,265,252,280,390,175,230
hand_674_1,person_phone_hand,100,42,243,248,280,390,144,207
hand_675_1,person_phone_hand,132,28,306,249,280,390,175,222
hand_676_1,person_phone_hand,147,16,351,249,280,390,205,234
hand_678_1,person_phone_hand,106,29,323,241,280,403,218,213
hand_679_1,person_phone_hand,98,34,274,247,280,390,177,214
hand_680_1,person_phone_hand,127,26,302,247,280,390,176,222
hand_682_1,person_phone_hand,94,14,297,260,280,390,204,247
hand_683_1,person_phone_hand,96,14,294,260,280,390,199,247
hand_684_1,person_phone_hand,164,25,287,223,280,390,124,199
hand_686_1,person_phone_hand,101,17,260,243,280,390,160,227
hand_687_1,person_phone_hand,95,14,308,257,280,390,214,244
hand_688_1,person_phone_hand,166,23,327,240,280,390,162,218
hand_690_1,person_phone_hand,101,20,288,256,280,390,188,237
hand_691_1,person_phone_hand,173,33,348,247,280,390,176,215
hand_692_1,person_phone_hand,125,24,289,248,280,390,165,225
hand_694_1,person_phone_hand,99,24,274,253,280,390,176,230
hand_695_1,person_phone_hand,104,28,295,249,280,390,192,222
hand_696_1,person_phone_hand,126,22,306,250,280,390,181,229
hand_698_1,person_phone_hand,88,16,249,258,280,390,162,243
hand_699_1,person_phone_hand,90,10,300,264,280,390,211,255
hand_700_1,person_phone_hand,90,10,300,264,280,390,211,255
hand_702_1,person_phone_hand,119,35,270,247,280,390,152,213
hand_703_1,person_phone_hand,120,16,290,254,280,390,171,239
hand_704_1,person_phone_hand,91,3,367,254,280,390,277,252
hand_706_1,person_phone_hand,186,15,365,253,280,390,180,239
hand_707_1,person_phone_hand,166,16,352,256,280,390,187,241
hand_708_1,person_phone_hand,198,11,376,252,280,390,179,242
hand_710_1,person_phone_hand,89,16,313,230,280,378,225,215
hand_711_1,person_phone_hand,90,19,270,256,280,389,181,238
hand_712_1,person_phone_hand,109,21,274,254,280,351,166,234
hand_714_1,person_phone_hand,160,5,357,250,280,390,198,246
hand_715_1,person_phone_hand,137,5,369,247,280,390,233,243
hand_716_1,person_phone_hand,159,19,328,247,280,390,170,229
hand_718_1,person_phone_hand,113,20,308,258,280,390,196,239
hand_719_1,person_phone_hand,95,16,311,254,280,390,217,239
hand_720_1,person_phone_hand,113,24,291,251,280,390,179,228
hand_722_1,person_phone_hand,121,32,281,242,280,390,161,211
hand_723_1,person_phone_hand,112,24,283,242,280,346,172,219
hand_724_1,person_phone_hand,109,24,288,246,280,390,180,223
hand_726_1,person_phone_hand,83,9,310,260,280,390,228,252
hand_727_1,person_phone_hand,92,15,301,260,280,390,210,246
head_002_1,person_phone_head,180,18,366,243,280,390,187,226
head_003_1,person_phone_head,139,18,380,240,280,390,242,223
head_011_1,person_phone_head,115,26,292,242,280,389,178,217
head_017_1,person_phone_head,73,11,312,253,280,390,240,243
head_024_1,person_phone_head,13,23,243,257,280,364,231,235
head_030_1,person_phone_head,19,0,250,255,280,390,232,256
head_035_1,person_phone_head,41,3,374,259,280,389,334,257
head_042_1,person_phone_head,66,29,274,247,280,420,209,219
head_047_1,person_phone_head,85,28,317,253,280,390,233,226
head_054_1,person_phone_head,125,0,385,259,280,390,261,260
head_070_1,person_phone_head,170,47,376,248,280,390,207,202
head_075_1,person_phone_head,24,21,294,251,280,408,271,231
head_080_1,person_phone_head,39,25,173,249,280,173,135,225
head_087_1,person_phone_head,125,29,329,251,280,390,205,223
head_092_1,person_phone_head,11,0,298,254,280,390,288,255
head_104_1,person_phone_head,107,19,310,255,280,390,204,237
head_108_1,person_phone_head,116,8,338,252,280,390,223,245
head_113_1,person_phone_head,14,9,244,257,280,390,231,249
head_117_1,person_phone_head,40,0,390,256,280,390,351,257
head_121_1,person_phone_head,45,35,246,252,280,390,202,218
head_126_1,person_phone_head,91,20,293,247,280,347,203,228
head_130_1,person_phone_head,67,30,286,259,280,408,220,230
head_134_1,person_phone_head,97,14,390,259,280,390,294,246
head_142_1,person_phone_head,87,31,359,256,280,390,273,226
head_146_1,person_phone_head,87,22,313,253,280,390,227,232
head_150_1,person_phone_head,23,13,172,244,280,184,150,232
head_158_1,person_phone_head,33,0,355,246,280,390,323,247
head_162_1,person_phone_head,155,59,387,267,280,390,233,209
head_166_1,person_phone_head,65,0,382,259,280,390,318,260
head_173_1,person_phone_head,129,6,384,259,280,390,256,254
head_177_1,person_phone_head,25,6,319,256,280,390,295,251
head_184_1,person_phone_head,31,7,351,260,280,390,321,254
head_189_1,person_phone_head,136,16,382,256,280,390,247,241
head_196_1,person_phone_head,66,19,345,256,280,389,280,238
head_200_1,person_phone_head,60,56,295,270,280,462,236,215
head_211_1,person_phone_head,71,27,290,249,280,368,220,223
head_219_1,person_phone_head,93,11,287,254,280,390,195,244
head_224_1,person_phone_head,90,49,385,258,280,390,296,210
head_230_1,person_phone_head,101,21,347,244,280,391,247,224
head_235_1,person_phone_head,67,16,352,258,280,390,286,243
head_250_1,person_phone_head,11,11,248,247,280,260,238,237
head_258_1,person_phone_head,92,38,331,251,280,390,240,214
head_263_1,person_phone_head,131,10,345,255,280,390,215,246
head_273_1,person_phone_head,20,18,167,233,280,173,148,216
head_293_1,person_phone_head,130,11,329,252,280,390,200,242
head_308_1,person_phone_head,214,46,379,232,280,435,166,187
head_312_1,person_phone_head,142,29,385,255,280,390,244,227
head_321_1,person_phone_head,123,22,315,258,280,390,193,237
head_326_1,person_phone_head,86,3,384,257,280,390,299,255
head_332_1,person_phone_head,22,21,222,254,280,390,201,234
head_342_1,person_phone_head,116,40,370,257,280,390,255,218
head_352_1,person_phone_head,161,64,348,244,280,390,188,181
head_359_1,person_phone_head,83,14,315,250,280,374,233,237
head_367_1,person_phone_head,27,1,256,255,280,260,230,255
head_372_1,person_phone_head,96,14,307,248,280,390,212,235
head_386_1,person_phone_head,11,20,161,237,280,173,151,218
head_407_1,person_phone_head,62,33,334,257,280,390,273,225
head_412_1,person_phone_head,103,5,369,250,280,390,267,246
head_417_1,person_phone_head,35,4,373,251,280,390,339,248
head_421_1,person_phone_head,115,14,315,260,280,390,201,247
head_432_1,person_phone_head,30,9,186,235,280,260,157,227
head_441_1,person_phone_head,86,14,304,259,280,352,219,246
head_445_1,person_phone_head,133,19,352,253,280,390,220,235
head_450_1,person_phone_head,10,21,142,230,280,173,133,210
head_458_1,person_phone_head,97,15,325,258,280,390,229,244
head_462_1,person_phone_head,18,4,304,251,280,390,287,248
head_466_1,person_phone_head,110,21,386,260,280,389,277,240
head_470_1,person_phone_head,61,12,341,261,280,390,281,250
head_474_1,person_phone_head,188,15,386,253,280,390,199,239
head_484_1,person_phone_head,70,23,320,245,280,347,251,223
head_495_1,person_phone_head,27,36,215,258,280,228,189,223
head_502_1,person_phone_head,100,7,382,260,280,390,283,254
head_511_1,person_phone_head,144,4,378,245,280,390,235,242
head_518_1,person_phone_head,124,3,349,258,280,366,226,256
head_523_1,person_phone_head,131,8,312,254,280,390,182,247
head_528_1,person_phone_head,41,14,290,254,280,391,250,241
head_536_1,person_phone_head,36,14,284,254,280,390,249,241
head_542_1,person_phone_head,127,1,390,263,280,390,264,263
head_548_1,person_phone_head,156,9,365,231,280,389,210,223
head_556_1,person_phone_head,72,3,378,246,280,462,307,244
head_566_1,person_phone_head,37,17,355,254,280,392,319,238
head_573_1,person_phone_head,152,9,382,259,280,390,231,251
head_583_1,person_phone_head,74,2,368,251,280,391,295,250
head_589_1,person_phone_head,108,4,389,262,280,390,282,259
head_593_1,person_phone_head,93,20,345,253,280,390,253,234
head_598_1,person_phone_head,114,9,379,260,280,389,266,252
head_602_1,person_phone_head,143,10,387,255,280,390,245,246
head_608_1,person_phone_head,141,73,314,257,280,390,174,185
head_615_1,person_phone_head,136,6,366,258,280,390,231,253
head_621_1,person_phone_head,105,27,354,254,280,392,250,228
head_635_1,person_phone_head,111,4,360,259,280,390,250,256
head_649_1,person_phone_head,155,6,377,263,280,390,223,258
head_655_1,person_phone_head,80,11,382,255,280,390,303,245
head_661_1,person_phone_head,94,21,239,214,280,390,146,194
head_670_1,person_phone_head,101,22,267,246,280,390,167,225
head_677_1,person_phone_head,103,13,363,251,280,381,261,239
head_682_1,person_phone_head,52,5,288,256,280,371,237,252
head_693_1,person_phone_head,31,49,234,254,280,363,204,206
head_703_1,person_phone_head,29,22,205,248,280,374,177,227
head_713_1,person_phone_head,163,14,382,249,280,390,220,236
head_722_1,person_phone_head,85,31,352,253,280,390,268,223
head_731_1,person_phone_head,111,4,430,261,280,462,320,258
head_742_1,person_phone_head,57,65,248,255,280,390,192,191
head_746_1,person_phone_head,14,5,253,257,280,390,240,253
head_750_1,person_phone_head,117,6,352,261,280,390,236,256
head_755_1,person_phone_head,17,4,297,261,280,393,281,258
head_765_1,person_phone_head,31,31,275,255,280,390,245,225
head_769_1,person_phone_head,42,2,290,254,280,390,249,253
head_774_1,person_phone_head,85,40,318,254,280,390,234,215
hand_004_1,person_phone_hand,182,15,360,252,280,390,179,238
hand_011_1,person_phone_hand,6,19,227,257,280,390,222,239
hand_017_1,person_phone_hand,22,21,126,141,141,250,105,121
hand_025_1,person_phone_hand,45,3,202,160,167,250,158,158
hand_034_1,person_phone_hand,35,22,126,128,280,173,92,107
hand_038_1,person_phone_hand,43,18,122,159,280,159,80,142
hand_046_1,person_phone_hand,31,26,123,146,280,144,93,121
hand_050_1,person_phone_hand,26,11,126,140,280,163,101,130
hand_056_1,person_phone_hand,24,18,121,147,280,155,98,130
hand_060_1,person_phone_hand,21,10,121,139,280,158,101,130
hand_064_1,person_phone_hand,34,12,118,134,280,161,85,123
hand_068_1,person_phone_hand,18,15,130,152,280,157,113,138
hand_072_1,person_phone_hand,38,10,132,139,280,166,95,130
hand_076_1,person_phone_hand,56,14,147,118,280,177,92,105
hand_080_1,person_phone_hand,56,17,133,127,280,158,78,111
hand_084_1,person_phone_hand,32,24,123,146,280,146,92,123
hand_088_1,person_phone_hand,14,32,168,246,280,174,155,215
hand_094_1,person_phone_hand,66,8,147,124,280,173,82,117
hand_1000_1,person_phone_hand,92,15,301,260,280,390,210,246
hand_1060_1,person_phone_hand,166,44,371,236,280,390,206,193
hand_113_1,person_phone_hand,166,44,371,236,167,250,206,193
hand_120_1,person_phone_hand,118,55,254,231,280,318,137,177
hand_126_1,person_phone_hand,97,13,363,257,280,375,267,245
hand_130_1,person_phone_hand,68,15,217,255,280,390,150,241
hand_135_1,person_phone_hand,115,21,295,246,280,390,181,226
hand_139_1,person_phone_hand,29,43,213,240,280,390,185,198
hand_144_1,person_phone_hand,29,32,223,237,280,390,195,206
hand_148_1,person_phone_hand,110,30,279,251,280,370,170,222
hand_152_1,person_phone_hand,60,4,200,163,167,250,141,160
hand_157_1,person_phone_hand,101,22,309,254,280,390,209,233
hand_162_1,person_phone_hand,109,24,333,256,280,390,225,233
hand_169_1,person_phone_hand,55,23,229,258,280,347,175,236
hand_175_1,person_phone_hand,29,24,305,249,280,390,277,226
hand_179_1,person_phone_hand,101,3,244,213,280,389,144,211
hand_184_1,person_phone_hand,24,12,296,255,280,390,273,244
hand_188_1,person_phone_hand,102,33,289,251,280,390,188,219
hand_193_1,person_phone_hand,52,3,186,166,167,250,135,164
hand_197_1,person_phone_hand,76,15,294,261,280,390,219,247
hand_201_1,person_phone_hand,120,23,294,249,280,390,175,227
hand_205_1,person_phone_hand,136,18,374,249,280,390,239,232
hand_210_1,person_phone_hand,32,40,233,246,280,390,202,207
hand_214_1,person_phone_hand,68,16,197,152,166,250,130,137
hand_218_1,person_phone_hand,95,23,245,244,280,390,151,222
hand_222_1,person_phone_hand,119,26,271,246,280,390,153,221
hand_227_1,person_phone_hand,146,11,305,258,280,390,160,248
hand_232_1,person_phone_hand,119,30,297,247,280,390,179,218
hand_238_1,person_phone_hand,112,14,318,260,280,390,207,247
hand_243_1,person_phone_hand,172,29,369,253,280,390,198,225
hand_248_1,person_phone_hand,63,6,187,162,167,250,125,157
hand_255_1,person_phone_hand,30,21,244,232,280,260,215,212
hand_262_1,person_phone_hand,144,31,307,245,280,390,164,215
hand_271_1,person_phone_hand,88,13,306,180,280,390,219,168
hand_277_1,person_phone_hand,118,28,297,248,280,390,180,221
hand_282_1,person_phone_hand,109,29,306,240,280,390,198,212
hand_286_1,person_phone_hand,43,0,194,163,167,250,152,164
hand_293_1,person_phone_hand,113,38,302,247,280,390,190,210
hand_297_1,person_phone_hand,59,5,146,163,167,250,88,159
hand_302_1,person_phone_hand,26,12,168,226,280,173,143,215
hand_310_1,person_phone_hand,179,11,376,259,280,390,198,249
hand_316_1,person_phone_hand,38,17,202,253,280,390,165,237
hand_322_1,person_phone_hand,12,22,223,247,280,390,212,226
hand_329_1,person_phone_hand,92,9,199,158,167,250,108,150
hand_333_1,person_phone_hand,104,16,299,258,280,390,196,243
hand_337_1,person_phone_hand,71,10,186,157,167,250,116,148
hand_342_1,person_phone_hand,182,15,372,252,280,390,191,238
hand_346_1,person_phone_hand,18,7,136,155,167,250,119,149
hand_353_1,person_phone_hand,51,11,311,252,280,390,261,242
hand_360_1,person_phone_hand,14,5,293,254,280,390,280,250
hand_364_1,person_phone_hand,40,27,207,248,280,389,168,222
hand_370_1,person_phone_hand,121,29,295,252,280,390,175,224
hand_377_1,person_phone_hand,63,7,186,161,167,250,124,155
hand_385_1,person_phone_hand,226,11,390,246,280,432,165,236
hand_389_1,person_phone_hand,18,18,241,251,280,390,224,234
hand_395_1,person_phone_hand,113,44,287,251,280,390,175,208
hand_400_1,person_phone_hand,72,20,182,141,141,250,111,122
hand_407_1,person_phone_hand,98,17,221,234,280,390,124,218
hand_411_1,person_phone_hand,76,27,290,242,280,390,215,216
hand_418_1,person_phone_hand,99,13,312,256,280,390,214,244
hand_422_1,person_phone_hand,63,7,308,253,280,381,246,247
hand_427_1,person_phone_hand,131,30,276,235,280,390,146,206
hand_431_1,person_phone_hand,65,11,358,257,280,390,294,247
hand_435_1,person_phone_hand,43,6,231,261,280,390,189,256
hand_439_1,person_phone_hand,16,22,134,186,250,200,119,165
hand_445_1,person_phone_hand,49,12,270,256,280,390,222,245
hand_449_1,person_phone_hand,93,25,298,250,280,390,206,226
hand_453_1,person_phone_hand,118,27,295,249,280,390,178,223
hand_457_1,person_phone_hand,101,23,257,238,280,352,157,216
hand_462_1,person_phone_hand,99,21,261,254,280,390,163,234
hand_466_1,person_phone_hand,131,30,276,235,280,390,146,206
hand_470_1,person_phone_hand,107,26,272,249,280,390,166,224
hand_475_1,person_phone_hand,98,22,259,208,280,387,162,187
hand_479_1,person_phone_hand,56,26,320,235,280,390,265,210
hand_483_1,person_phone_hand,165,14,354,257,280,390,190,244
hand_487_1,person_phone_hand,7,12,281,257,280,347,275,246
hand_491_1,person_phone_hand,95,10,287,251,280,346,193,242
hand_495_1,person_phone_hand,90,9,319,259,280,390,230,251
hand_499_1,person_phone_hand,105,29,268,243,280,390,164,215
hand_503_1,person_phone_hand,126,29,301,251,280,390,176,223
hand_507_1,person_phone_hand,109,6,368,259,280,389,260,254
hand_511_1,person_phone_hand,139,24,307,249,280,392,169,226
hand_515_1,person_phone_hand,92,19,333,255,280,390,242,237
hand_519_1,person_phone_hand,102,20,297,258,280,390,196,239
hand_523_1,person_phone_hand,103,15,275,258,280,389,173,244
hand_527_1,person_phone_hand,92,16,294,260,280,390,203,245
hand_531_1,person_phone_hand,101,8,348,259,280,390,248,252
hand_535_1,person_phone_hand,117,20,317,242,280,390,201,223
hand_539_1,person_phone_hand,149,11,360,243,280,390,212,233
hand_543_1,person_phone_hand,55,23,229,258,280,347,175,236
hand_547_1,person_phone_hand,115,26,303,254,280,389,189,229
hand_551_1,person_phone_hand,35,30,202,247,280,390,168,218
hand_555_1,person_phone_hand,77,15,306,259,280,390,230,245
hand_559_1,person_phone_hand,109,21,268,245,280,390,160,225
hand_563_1,person_phone_hand,103,23,300,253,280,390,198,231
hand_567_1,person_phone_hand,39,14,221,250,280,390,183,237
hand_571_1,person_phone_hand,153,19,344,256,280,390,192,238
hand_575_1,person_phone_hand,119,26,295,251,280,390,177,226
hand_579_1,person_phone_hand,115,31,288,247,280,349,174,217
hand_584_1,person_phone_hand,112,25,286,249,280,390,175,225
hand_588_1,person_phone_hand,98,23,299,252,280,390,202,230
hand_592_1,person_phone_hand,99,21,298,257,280,390,200,237
hand_596_1,person_phone_hand,120,23,294,249,280,390,175,227
hand_600_1,person_phone_hand,103,50,290,245,280,390,188,196
hand_604_1,person_phone_hand,119,26,271,246,280,390,153,221
hand_608_1,person_phone_hand,61,11,313,249,280,390,253,239
hand_612_1,person_phone_hand,121,27,288,249,280,390,168,223
hand_616_1,person_phone_hand,96,19,301,258,280,390,206,240
hand_620_1,person_phone_hand,108,33,258,245,280,390,151,213
hand_624_1,person_phone_hand,93,3,370,257,280,390,278,255
hand_628_1,person_phone_hand,111,26,297,250,280,390,187,225
hand_632_1,person_phone_hand,104,14,303,259,280,390,200,246
hand_636_1,person_phone_hand,131,0,293,221,280,389,163,222
hand_641_1,person_phone_hand,174,25,371,243,280,390,198,219
hand_645_1,person_phone_hand,83,21,339,253,280,390,257,233
hand_649_1,person_phone_hand,96,24,293,249,280,389,198,226
hand_653_1,person_phone_hand,83,21,257,253,280,389,175,233
hand_657_1,person_phone_hand,101,27,264,240,280,390,164,214
hand_661_1,person_phone_hand,91,12,290,261,280,390,200,250
hand_665_1,person_phone_hand,153,20,331,252,280,390,179,233
hand_669_1,person_phone_hand,115,20,270,249,280,390,156,230
hand_673_1,person_phone_hand,141,26,319,255,280,390,179,230
hand_677_1,person_phone_hand,50,49,213,254,280,260,164,206
hand_681_1,person_phone_hand,121,28,300,245,280,390,180,218
hand_685_1,person_phone_hand,119,38,279,233,280,395,161,196
hand_689_1,person_phone_hand,173,30,321,242,280,408,149,213
hand_693_1,person_phone_hand,135,10,398,257,280,400,264,248
hand_697_1,person_phone_hand,42,4,268,258,280,390,227,255
hand_701_1,person_phone_hand,144,4,377,239,280,390,234,236
hand_705_1,person_phone_hand,184,15,366,254,280,390,183,240
hand_709_1,person_phone_hand,93,19,290,259,280,390,198,241
hand_713_1,person_phone_hand,119,25,297,246,280,390,179,222
hand_717_1,person_phone_hand,51,11,311,252,280,390,261,242
hand_721_1,person_phone_hand,143,8,343,258,280,390,201,251
hand_725_1,person_phone_hand,94,9,326,260,280,390,233,252
